{"[\"standard\", \"softmax\", 0]": {"train_loss": 0.025031819939613342, "lambda": null, "gf": {"clean_0.0": 0.8338, "gauss_0.1": 0.7564, "gauss_0.2": 0.459, "gauss_0.4": 0.1448, "blur_0.7": 0.8012, "blur_1.2": 0.6838, "contrast_0.5": 0.3376, "occlude_12": 0.5794, "bright_0.3": 0.2886}, "adv": {"fgsm_eps0.1": 0.276, "fgsm_eps0.2": 0.19666666666666666, "pgd_eps0.1_alpha0.02_steps7": 0.008666666666666666}, "collapsed": false}, "[\"standard\", \"softmax\", 1]": {"train_loss": 0.029351094737648964, "lambda": null, "gf": {"clean_0.0": 0.8252, "gauss_0.1": 0.7376, "gauss_0.2": 0.3632, "gauss_0.4": 0.1578, "blur_0.7": 0.7602, "blur_1.2": 0.6238, "contrast_0.5": 0.1084, "occlude_12": 0.5486, "bright_0.3": 0.123}, "adv": {"fgsm_eps0.1": 0.308, "fgsm_eps0.2": 0.21466666666666667, "pgd_eps0.1_alpha0.02_steps7": 0.008}, "collapsed": false}, "[\"standard\", \"softmax\", 2]": {"train_loss": 0.02926112897694111, "lambda": null, "gf": {"clean_0.0": 0.825, "gauss_0.1": 0.6664, "gauss_0.2": 0.2614, "gauss_0.4": 0.1298, "blur_0.7": 0.806, "blur_1.2": 0.7222, "contrast_0.5": 0.2532, "occlude_12": 0.4976, "bright_0.3": 0.329}, "adv": {"fgsm_eps0.1": 0.2773333333333333, "fgsm_eps0.2": 0.17666666666666667, "pgd_eps0.1_alpha0.02_steps7": 0.04733333333333333}, "collapsed": false}, "[\"standard\", \"softmax\", 3]": {"train_loss": 0.029807405546307564, "lambda": null, "gf": {"clean_0.0": 0.8488, "gauss_0.1": 0.7488, "gauss_0.2": 0.351, "gauss_0.4": 0.1428, "blur_0.7": 0.7896, "blur_1.2": 0.6086, "contrast_0.5": 0.3224, "occlude_12": 0.609, "bright_0.3": 0.3912}, "adv": {"fgsm_eps0.1": 0.27266666666666667, "fgsm_eps0.2": 0.14866666666666667, "pgd_eps0.1_alpha0.02_steps7": 0.017333333333333333}, "collapsed": false}, "[\"standard\", \"softmax\", 4]": {"train_loss": 0.029048295691609383, "lambda": null, "gf": {"clean_0.0": 0.7914, "gauss_0.1": 0.7624, "gauss_0.2": 0.4064, "gauss_0.4": 0.2056, "blur_0.7": 0.727, "blur_1.2": 0.5612, "contrast_0.5": 0.1846, "occlude_12": 0.6092, "bright_0.3": 0.2028}, "adv": {"fgsm_eps0.1": 0.2773333333333333, "fgsm_eps0.2": 0.14733333333333334, "pgd_eps0.1_alpha0.02_steps7": 0.010666666666666666}, "collapsed": false}, "[\"standard\", \"softmax\", 5]": {"train_loss": 0.026441019028425217, "lambda": null, "gf": {"clean_0.0": 0.8216, "gauss_0.1": 0.7628, "gauss_0.2": 0.379, "gauss_0.4": 0.1368, "blur_0.7": 0.7388, "blur_1.2": 0.5926, "contrast_0.5": 0.1972, "occlude_12": 0.5326, "bright_0.3": 0.2308}, "adv": {"fgsm_eps0.1": 0.31466666666666665, "fgsm_eps0.2": 0.208, "pgd_eps0.1_alpha0.02_steps7": 0.042666666666666665}, "collapsed": false}, "[\"standard\", \"softmax\", 6]": {"train_loss": 0.03646286204457283, "lambda": null, "gf": {"clean_0.0": 0.8282, "gauss_0.1": 0.7688, "gauss_0.2": 0.5668, "gauss_0.4": 0.147, "blur_0.7": 0.7432, "blur_1.2": 0.593, "contrast_0.5": 0.1926, "occlude_12": 0.6282, "bright_0.3": 0.2186}, "adv": {"fgsm_eps0.1": 0.304, "fgsm_eps0.2": 0.234, "pgd_eps0.1_alpha0.02_steps7": 0.05733333333333333}, "collapsed": false}, "[\"standard\", \"softmax\", 7]": {"train_loss": 0.021090220659971237, "lambda": null, "gf": {"clean_0.0": 0.8276, "gauss_0.1": 0.77, "gauss_0.2": 0.5548, "gauss_0.4": 0.2996, "blur_0.7": 0.7428, "blur_1.2": 0.4882, "contrast_0.5": 0.1722, "occlude_12": 0.6256, "bright_0.3": 0.2042}, "adv": {"fgsm_eps0.1": 0.24133333333333334, "fgsm_eps0.2": 0.166, "pgd_eps0.1_alpha0.02_steps7": 0.029333333333333333}, "collapsed": false}, "[\"ibnn\", \"softmax\", 0]": {"train_loss": 0.02587995119392872, "lambda": 0.0861, "gf": {"clean_0.0": 0.8254, "gauss_0.1": 0.7784, "gauss_0.2": 0.6178, "gauss_0.4": 0.2176, "blur_0.7": 0.795, "blur_1.2": 0.685, "contrast_0.5": 0.2322, "occlude_12": 0.5494, "bright_0.3": 0.1634}, "adv": {"fgsm_eps0.1": 0.2753333333333333, "fgsm_eps0.2": 0.21133333333333335, "pgd_eps0.1_alpha0.02_steps7": 0.03866666666666667}, "collapsed": false}, "[\"ibnn\", \"softmax\", 1]": {"train_loss": 0.030345670878887177, "lambda": 0.0925, "gf": {"clean_0.0": 0.83, "gauss_0.1": 0.7954, "gauss_0.2": 0.5244, "gauss_0.4": 0.1878, "blur_0.7": 0.7752, "blur_1.2": 0.656, "contrast_0.5": 0.122, "occlude_12": 0.5656, "bright_0.3": 0.154}, "adv": {"fgsm_eps0.1": 0.25733333333333336, "fgsm_eps0.2": 0.17, "pgd_eps0.1_alpha0.02_steps7": 0.030666666666666665}, "collapsed": false}, "[\"ibnn\", \"softmax\", 2]": {"train_loss": 0.027408624067902565, "lambda": 0.0959, "gf": {"clean_0.0": 0.8192, "gauss_0.1": 0.7842, "gauss_0.2": 0.4962, "gauss_0.4": 0.1928, "blur_0.7": 0.7998, "blur_1.2": 0.6928, "contrast_0.5": 0.177, "occlude_12": 0.4948, "bright_0.3": 0.2534}, "adv": {"fgsm_eps0.1": 0.22333333333333333, "fgsm_eps0.2": 0.18266666666666667, "pgd_eps0.1_alpha0.02_steps7": 0.07733333333333334}, "collapsed": false}, "[\"ibnn\", \"softmax\", 3]": {"train_loss": 0.029581964015960693, "lambda": 0.0935, "gf": {"clean_0.0": 0.8448, "gauss_0.1": 0.799, "gauss_0.2": 0.4062, "gauss_0.4": 0.1814, "blur_0.7": 0.7942, "blur_1.2": 0.6456, "contrast_0.5": 0.3366, "occlude_12": 0.5784, "bright_0.3": 0.363}, "adv": {"fgsm_eps0.1": 0.17, "fgsm_eps0.2": 0.09, "pgd_eps0.1_alpha0.02_steps7": 0.014}, "collapsed": false}, "[\"ibnn\", \"softmax\", 4]": {"train_loss": 0.02951493114233017, "lambda": 0.0892, "gf": {"clean_0.0": 0.7908, "gauss_0.1": 0.774, "gauss_0.2": 0.5104, "gauss_0.4": 0.2542, "blur_0.7": 0.7188, "blur_1.2": 0.5372, "contrast_0.5": 0.1246, "occlude_12": 0.5706, "bright_0.3": 0.146}, "adv": {"fgsm_eps0.1": 0.156, "fgsm_eps0.2": 0.03866666666666667, "pgd_eps0.1_alpha0.02_steps7": 0.006}, "collapsed": false}, "[\"ibnn\", \"softmax\", 5]": {"train_loss": 0.024440744891762733, "lambda": 0.1061, "gf": {"clean_0.0": 0.8232, "gauss_0.1": 0.803, "gauss_0.2": 0.5658, "gauss_0.4": 0.1724, "blur_0.7": 0.7636, "blur_1.2": 0.6166, "contrast_0.5": 0.1798, "occlude_12": 0.5442, "bright_0.3": 0.1904}, "adv": {"fgsm_eps0.1": 0.304, "fgsm_eps0.2": 0.21133333333333335, "pgd_eps0.1_alpha0.02_steps7": 0.044}, "collapsed": false}, "[\"ibnn\", \"softmax\", 6]": {"train_loss": 0.04167414456605911, "lambda": 0.0917, "gf": {"clean_0.0": 0.8236, "gauss_0.1": 0.801, "gauss_0.2": 0.644, "gauss_0.4": 0.1152, "blur_0.7": 0.7368, "blur_1.2": 0.5898, "contrast_0.5": 0.1624, "occlude_12": 0.6024, "bright_0.3": 0.184}, "adv": {"fgsm_eps0.1": 0.284, "fgsm_eps0.2": 0.19666666666666666, "pgd_eps0.1_alpha0.02_steps7": 0.08466666666666667}, "collapsed": false}, "[\"ibnn\", \"softmax\", 7]": {"train_loss": 0.02394203655421734, "lambda": 0.086, "gf": {"clean_0.0": 0.8308, "gauss_0.1": 0.7968, "gauss_0.2": 0.5934, "gauss_0.4": 0.3108, "blur_0.7": 0.7442, "blur_1.2": 0.5402, "contrast_0.5": 0.1432, "occlude_12": 0.6146, "bright_0.3": 0.1776}, "adv": {"fgsm_eps0.1": 0.25733333333333336, "fgsm_eps0.2": 0.13733333333333334, "pgd_eps0.1_alpha0.02_steps7": 0.032}, "collapsed": false}, "[\"standard\", \"forget\", 0]": {"train_loss": 0.0190360639244318, "lambda": null, "gf": {"clean_0.0": 0.8378, "gauss_0.1": 0.7688, "gauss_0.2": 0.4232, "gauss_0.4": 0.1346, "blur_0.7": 0.7458, "blur_1.2": 0.591, "contrast_0.5": 0.31, "occlude_12": 0.6092, "bright_0.3": 0.3498}, "adv": {"fgsm_eps0.1": 0.21933333333333332, "fgsm_eps0.2": 0.13733333333333334, "pgd_eps0.1_alpha0.02_steps7": 0.006}, "collapsed": false}, "[\"standard\", \"forget\", 1]": {"train_loss": 0.028813686221837997, "lambda": null, "gf": {"clean_0.0": 0.8374, "gauss_0.1": 0.7566, "gauss_0.2": 0.345, "gauss_0.4": 0.112, "blur_0.7": 0.7416, "blur_1.2": 0.5812, "contrast_0.5": 0.2506, "occlude_12": 0.5924, "bright_0.3": 0.2604}, "adv": {"fgsm_eps0.1": 0.28733333333333333, "fgsm_eps0.2": 0.208, "pgd_eps0.1_alpha0.02_steps7": 0.024}, "collapsed": false}, "[\"standard\", \"forget\", 2]": {"train_loss": 0.029954668134450912, "lambda": null, "gf": {"clean_0.0": 0.8304, "gauss_0.1": 0.7066, "gauss_0.2": 0.3104, "gauss_0.4": 0.1704, "blur_0.7": 0.7872, "blur_1.2": 0.58, "contrast_0.5": 0.2036, "occlude_12": 0.5954, "bright_0.3": 0.317}, "adv": {"fgsm_eps0.1": 0.24333333333333335, "fgsm_eps0.2": 0.13, "pgd_eps0.1_alpha0.02_steps7": 0.02666666666666667},